Bus,MessageID,Message,MessageLength,Time
2,0x45a,0x5a008000000f0f0f,8,4.098705053329468
0,0x45a,0x5a008000000f0f0f,8,4.098743200302124
2,0x45a,0x5a008000000f0f0f,8,4.098932266235352
0,0x45a,0x5a008000000f0f0f,8,4.098936080932617
2,0x45a,0x5a008000000f0f0f,8,4.099182844161987
0,0x45a,0x5a008000000f0f0f,8,4.099186182022095
2,0x45a,0x5a008000000f0f0f,8,4.099459409713745
0,0x45a,0x5a008000000f0f0f,8,4.099462270736694
2,0x45a,0x5a008000000f0f0f,8,4.0998899936676025
0,0x45a,0x5a008000000f0f0f,8,4.099901437759399
2,0x45a,0x5a008000000f0f0f,8,4.100107431411743
0,0x45a,0x5a008000000f0f0f,8,4.100117444992065
2,0x45a,0x5a008000000f0f0f,8,4.100298643112183
0,0x45a,0x5a008000000f0f0f,8,4.100308895111084
2,0x45a,0x5a008000000f0f0f,8,4.100661754608154
0,0x45a,0x5a008000000f0f0f,8,4.100673675537109
2,0x45a,0x5a008000000f0f0f,8,4.100860595703125
0,0x45a,0x5a008000000f0f0f,8,4.1008641719818115
2,0x45a,0x5a008000000f0f0f,8,4.101100206375122
0,0x45a,0x5a008000000f0f0f,8,4.101104974746704
2,0x45a,0x5a008000000f0f0f,8,4.101352214813232
0,0x45a,0x5a008000000f0f0f,8,4.101457834243774
2,0x45a,0x5a008000000f0f0f,8,4.1015753746032715
0,0x45a,0x5a008000000f0f0f,8,4.101578712463379
2,0x45a,0x5a008000000f0f0f,8,4.101907968521118
0,0x45a,0x5a008000000f0f0f,8,4.101912260055542
2,0x45a,0x5a008000000f0f0f,8,4.102152347564697
0,0x45a,0x5a008000000f0f0f,8,4.102155447006226
2,0x45a,0x5a008000000f0f0f,8,4.102452993392944
0,0x45a,0x5a008000000f0f0f,8,4.102456092834473
2,0x45a,0x5a008000000f0f0f,8,4.102647066116333
0,0x45a,0x5a008000000f0f0f,8,4.102651834487915
2,0x45a,0x5a008000000f0f0f,8,4.102916717529297
0,0x45a,0x5a008000000f0f0f,8,4.1029229164123535
2,0x45a,0x5a008000000f0f0f,8,4.10319709777832
0,0x45a,0x5a008000000f0f0f,8,4.103201389312744
2,0x45a,0x5a008000000f0f0f,8,4.1034510135650635
0,0x45a,0x5a008000000f0f0f,8,4.103454351425171
2,0x45a,0x5a008000000f0f0f,8,4.103782415390015
0,0x45a,0x5a008000000f0f0f,8,4.1037867069244385
2,0x45a,0x5a008000000f0f0f,8,4.104032039642334
0,0x45a,0x5a008000000f0f0f,8,4.1040356159210205
2,0x45a,0x5a008000000f0f0f,8,4.1043860912323
0,0x45a,0x5a008000000f0f0f,8,4.104390859603882
2,0x45a,0x5a008000000f0f0f,8,4.104498863220215
0,0x45a,0x5a008000000f0f0f,8,4.104501962661743
2,0x45a,0x5a008000000f0f0f,8,4.104758977890015
0,0x45a,0x5a008000000f0f0f,8,4.104762077331543
2,0x45a,0x5a008000000f0f0f,8,4.104993104934692
0,0x45a,0x5a008000000f0f0f,8,4.105089902877808
2,0x45a,0x5a008000000f0f0f,8,4.105361223220825
0,0x45a,0x5a008000000f0f0f,8,4.105365991592407
2,0x45a,0x5a008000000f0f0f,8,4.105544090270996
0,0x45a,0x5a008000000f0f0f,8,4.105547189712524
2,0x45a,0x5a008000000f0f0f,8,4.105865240097046
0,0x45a,0x5a008000000f0f0f,8,4.105869770050049
2,0x45a,0x5a008000000f0f0f,8,4.106232643127441
0,0x45a,0x5a008000000f0f0f,8,4.106236696243286
2,0x45a,0x5a008000000f0f0f,8,4.106386423110962
0,0x45a,0x5a008000000f0f0f,8,4.10638952255249
2,0x45a,0x5a008000000f0f0f,8,4.1067328453063965
0,0x45a,0x5a008000000f0f0f,8,4.106737375259399
2,0x45a,0x5a008000000f0f0f,8,4.106916666030884
0,0x45a,0x5a008000000f0f0f,8,4.106920003890991
2,0x45a,0x5a008000000f0f0f,8,4.10714316368103
0,0x45a,0x5a008000000f0f0f,8,4.107146263122559
2,0x45a,0x5a008000000f0f0f,8,4.107485055923462
0,0x45a,0x5a008000000f0f0f,8,4.107489585876465
2,0x45a,0x5a008000000f0f0f,8,4.1076884269714355
0,0x45a,0x5a008000000f0f0f,8,4.107691526412964
2,0x45a,0x5a008000000f0f0f,8,4.107927560806274
0,0x45a,0x5a008000000f0f0f,8,4.108032703399658
2,0x45a,0x5a008000000f0f0f,8,4.108282566070557
0,0x45a,0x5a008000000f0f0f,8,4.10828709602356
2,0x45a,0x5a008000000f0f0f,8,4.1085638999938965
0,0x45a,0x5a008000000f0f0f,8,4.10856819152832
2,0x45a,0x5a008000000f0f0f,8,4.108768463134766
0,0x45a,0x5a008000000f0f0f,8,4.108771562576294
2,0x45a,0x5a008000000f0f0f,8,4.109035968780518
0,0x45a,0x5a008000000f0f0f,8,4.109039068222046
2,0x45a,0x5a008000000f0f0f,8,4.109281778335571
0,0x45a,0x5a008000000f0f0f,8,4.109286069869995
2,0x45a,0x5a008000000f0f0f,8,4.1095404624938965
0,0x45a,0x5a008000000f0f0f,8,4.109543800354004
2,0x45a,0x5a008000000f0f0f,8,4.109847068786621
0,0x45a,0x5a008000000f0f0f,8,4.109850168228149
2,0x45a,0x5a008000000f0f0f,8,4.110152006149292
0,0x45a,0x5a008000000f0f0f,8,4.110156059265137
2,0x45a,0x5a008000000f0f0f,8,4.110450029373169
0,0x45a,0x5a008000000f0f0f,8,4.110452890396118
2,0x45a,0x5a008000000f0f0f,8,4.110625982284546
0,0x45a,0x5a008000000f0f0f,8,4.110630035400391
2,0x45a,0x5a008000000f0f0f,8,4.110920429229736
0,0x45a,0x5a008000000f0f0f,8,4.110923767089844
2,0x45a,0x5a008000000f0f0f,8,4.111149072647095
0,0x45a,0x5a008000000f0f0f,8,4.111153841018677
2,0x45a,0x5a008000000f0f0f,8,4.111376047134399
0,0x45a,0x5a008000000f0f0f,8,4.111472845077515
2,0x45a,0x5a008000000f0f0f,8,4.111722946166992
0,0x45a,0x5a008000000f0f0f,8,4.111827373504639
2,0x45a,0x5a008000000f0f0f,8,4.111941814422607
0,0x45a,0x5a008000000f0f0f,8,4.111944675445557
2,0x45a,0x5a008000000f0f0f,8,4.112203121185303
0,0x45a,0x5a008000000f0f0f,8,4.112205982208252
2,0x45a,0x5a008000000f0f0f,8,4.112476348876953
0,0x45a,0x5a008000000f0f0f,8,4.112479209899902
2,0x45a,0x5a008000000f0f0f,8,4.1127824783325195
0,0x45a,0x5a008000000f0f0f,8,4.112786054611206
2,0x45a,0x5a008000000f0f0f,8,4.113072156906128
0,0x45a,0x5a008000000f0f0f,8,4.113075256347656
2,0x45a,0x5a008000000f0f0f,8,4.113256454467773
0,0x45a,0x5a008000000f0f0f,8,4.113259315490723
2,0x45a,0x5a008000000f0f0f,8,4.113535404205322
0,0x45a,0x5a008000000f0f0f,8,4.1135382652282715
2,0x45a,0x5a008000000f0f0f,8,4.113767147064209
0,0x45a,0x5a008000000f0f0f,8,4.1138715744018555
2,0x45a,0x5a008000000f0f0f,8,4.114096641540527
0,0x45a,0x5a008000000f0f0f,8,4.114100694656372
2,0x45a,0x5a008000000f0f0f,8,4.114392280578613
0,0x45a,0x5a008000000f0f0f,8,4.1143951416015625
2,0x45a,0x5a008000000f0f0f,8,4.114732503890991
0,0x45a,0x5a008000000f0f0f,8,4.114736795425415
2,0x45a,0x5a008000000f0f0f,8,4.1148340702056885
0,0x45a,0x5a008000000f0f0f,8,4.114933490753174
2,0x45a,0x5a008000000f0f0f,8,4.115118980407715
0,0x45a,0x5a008000000f0f0f,8,4.115122079849243
2,0x45a,0x5a008000000f0f0f,8,4.115444183349609
0,0x45a,0x5a008000000f0f0f,8,4.115448713302612
2,0x45a,0x5a008000000f0f0f,8,4.115692853927612
0,0x45a,0x5a008000000f0f0f,8,4.115695476531982
2,0x45a,0x5a008000000f0f0f,8,4.116032123565674
0,0x45a,0x5a008000000f0f0f,8,4.116037130355835
2,0x45a,0x5a008000000f0f0f,8,4.116228342056274
0,0x45a,0x5a008000000f0f0f,8,4.116231203079224
2,0x45a,0x5a008000000f0f0f,8,4.116476535797119
0,0x45a,0x5a008000000f0f0f,8,4.116479396820068
2,0x45a,0x5a008000000f0f0f,8,4.116763591766357
0,0x45a,0x5a008000000f0f0f,8,4.116766452789307
2,0x45a,0x5a008000000f0f0f,8,4.117006540298462
0,0x45a,0x5a008000000f0f0f,8,4.117009401321411
2,0x45a,0x5a008000000f0f0f,8,4.117232322692871
0,0x45a,0x5a008000000f0f0f,8,4.117382526397705
2,0x45a,0x5a008000000f0f0f,8,4.117575168609619
0,0x45a,0x5a008000000f0f0f,8,4.117579221725464
2,0x45a,0x5a008000000f0f0f,8,4.117843389511108
0,0x45a,0x5a008000000f0f0f,8,4.117846250534058
2,0x45a,0x5a008000000f0f0f,8,4.118139028549194
0,0x45a,0x5a008000000f0f0f,8,4.118143320083618
2,0x45a,0x5a008000000f0f0f,8,4.118386507034302
0,0x45a,0x5a008000000f0f0f,8,4.118389129638672
2,0x45a,0x5a008000000f0f0f,8,4.118582248687744
0,0x45a,0x5a008000000f0f0f,8,4.118586540222168
2,0x45a,0x5a008000000f0f0f,8,4.118902206420898
0,0x45a,0x5a008000000f0f0f,8,4.118905067443848
2,0x45a,0x5a008000000f0f0f,8,4.1191442012786865
0,0x45a,0x5a008000000f0f0f,8,4.119147062301636
2,0x45a,0x5a008000000f0f0f,8,4.11939263343811
0,0x45a,0x5a008000000f0f0f,8,4.11939549446106
2,0x45a,0x5a008000000f0f0f,8,4.119734048843384
0,0x45a,0x5a008000000f0f0f,8,4.119738578796387
2,0x45a,0x5a008000000f0f0f,8,4.119937419891357
0,0x45a,0x5a008000000f0f0f,8,4.119940519332886
2,0x45a,0x5a008000000f0f0f,8,4.1202051639556885
0,0x45a,0x5a008000000f0f0f,8,4.120208263397217
2,0x45a,0x5a008000000f0f0f,8,4.1204705238342285
0,0x45a,0x5a008000000f0f0f,8,4.120474815368652
2,0x45a,0x5a008000000f0f0f,8,4.120758771896362
0,0x45a,0x5a008000000f0f0f,8,4.1207616329193115
2,0x45a,0x5a008000000f0f0f,8,4.121018409729004
0,0x45a,0x5a008000000f0f0f,8,4.121022462844849
2,0x45a,0x5a008000000f0f0f,8,4.121218204498291
0,0x45a,0x5a008000000f0f0f,8,4.121377229690552
2,0x45a,0x5a008000000f0f0f,8,4.121478080749512
0,0x45a,0x5a008000000f0f0f,8,4.121582269668579
2,0x45a,0x5a008000000f0f0f,8,4.121857643127441
0,0x45a,0x5a008000000f0f0f,8,4.121860504150391
2,0x45a,0x5a008000000f0f0f,8,4.122035503387451
0,0x45a,0x5a008000000f0f0f,8,4.122038125991821
2,0x45a,0x5a008000000f0f0f,8,4.122371196746826
0,0x45a,0x5a008000000f0f0f,8,4.122375965118408
2,0x45a,0x5a008000000f0f0f,8,4.1225745677948
0,0x45a,0x5a008000000f0f0f,8,4.122577667236328
2,0x45a,0x5a008000000f0f0f,8,4.122907638549805
0,0x45a,0x5a008000000f0f0f,8,4.122910976409912
2,0x45a,0x5a008000000f0f0f,8,4.1231889724731445
0,0x45a,0x5a008000000f0f0f,8,4.123191833496094
2,0x45a,0x5a008000000f0f0f,8,4.123451471328735
0,0x45a,0x5a008000000f0f0f,8,4.123454332351685
2,0x45a,0x5a008000000f0f0f,8,4.123633623123169
0,0x45a,0x5a008000000f0f0f,8,4.123636484146118
2,0x45a,0x5a008000000f0f0f,8,4.123894214630127
0,0x45a,0x5a008000000f0f0f,8,4.123897075653076
2,0x45a,0x5a008000000f0f0f,8,4.124158620834351
0,0x45a,0x5a008000000f0f0f,8,4.1241614818573
2,0x45a,0x5a008000000f0f0f,8,4.124450445175171
0,0x45a,0x5a008000000f0f0f,8,4.124454736709595
2,0x45a,0x5a008000000f0f0f,8,4.124712705612183
0,0x45a,0x5a008000000f0f0f,8,4.124715566635132
2,0x45a,0x5a008000000f0f0f,8,4.125027894973755
0,0x45a,0x5a008000000f0f0f,8,4.125032424926758
2,0x45a,0x5a008000000f0f0f,8,4.12539267539978
0,0x45a,0x5a008000000f0f0f,8,4.125396966934204
2,0x45a,0x5a008000000f0f0f,8,4.1255059242248535
0,0x45a,0x5a008000000f0f0f,8,4.125509023666382
2,0x45a,0x5a008000000f0f0f,8,4.125768184661865
0,0x45a,0x5a008000000f0f0f,8,4.125771522521973
2,0x45a,0x5a008000000f0f0f,8,4.126054763793945
0,0x45a,0x5a008000000f0f0f,8,4.1260597705841064
2,0x45a,0x5a008000000f0f0f,8,4.126361131668091
0,0x45a,0x5a008000000f0f0f,8,4.126364469528198
2,0x45a,0x5a008000000f0f0f,8,4.126535415649414
0,0x45a,0x5a008000000f0f0f,8,4.126629590988159
2,0x45a,0x5a008000000f0f0f,8,4.126981019973755
0,0x45a,0x5a008000000f0f0f,8,4.126992702484131
2,0x45a,0x5a008000000f0f0f,8,4.127100706100464
0,0x45a,0x5a008000000f0f0f,8,4.1271045207977295
2,0x45a,0x5a008000000f0f0f,8,4.127403974533081
0,0x45a,0x5a008000000f0f0f,8,4.127408504486084
2,0x45a,0x5a008000000f0f0f,8,4.127658128738403
0,0x45a,0x5a008000000f0f0f,8,4.127661228179932
2,0x45a,0x5a008000000f0f0f,8,4.127949476242065
0,0x45a,0x5a008000000f0f0f,8,4.127954006195068
2,0x45a,0x5a008000000f0f0f,8,4.128132581710815
0,0x45a,0x5a008000000f0f0f,8,4.128272771835327
2,0x45a,0x5a008000000f0f0f,8,4.128459453582764
0,0x45a,0x5a008000000f0f0f,8,4.128462553024292
2,0x45a,0x5a008000000f0f0f,8,4.128759384155273
0,0x45a,0x5a008000000f0f0f,8,4.128762245178223
2,0x45a,0x5a008000000f0f0f,8,4.128963470458984
0,0x45a,0x5a008000000f0f0f,8,4.128966569900513
2,0x45a,0x5a008000000f0f0f,8,4.129218816757202
0,0x45a,0x5a008000000f0f0f,8,4.12922215461731
2,0x45a,0x5a008000000f0f0f,8,4.129478931427002
0,0x45a,0x5a008000000f0f0f,8,4.129482984542847
2,0x45a,0x5a008000000f0f0f,8,4.129721164703369
0,0x45a,0x5a008000000f0f0f,8,4.129820823669434
2,0x45a,0x5a008000000f0f0f,8,4.129987001419067
0,0x45a,0x5a008000000f0f0f,8,4.130093097686768
2,0x45a,0x5a008000000f0f0f,8,4.130361795425415
0,0x45a,0x5a008000000f0f0f,8,4.130364894866943
2,0x45a,0x5a008000000f0f0f,8,4.130539894104004
0,0x45a,0x5a008000000f0f0f,8,4.130543231964111
2,0x45a,0x5a008000000f0f0f,8,4.130830526351929
0,0x45a,0x5a008000000f0f0f,8,4.130833625793457
2,0x45a,0x5a008000000f0f0f,8,4.131144046783447
0,0x45a,0x5a008000000f0f0f,8,4.13114857673645
2,0x45a,0x5a008000000f0f0f,8,4.131388187408447
0,0x45a,0x5a008000000f0f0f,8,4.131391525268555
2,0x45a,0x5a008000000f0f0f,8,4.131643295288086
0,0x45a,0x5a008000000f0f0f,8,4.131646394729614
2,0x45a,0x5a008000000f0f0f,8,4.131922245025635
0,0x45a,0x5a008000000f0f0f,8,4.131925821304321
2,0x45a,0x5a008000000f0f0f,8,4.132201671600342
0,0x45a,0x5a008000000f0f0f,8,4.132205247879028
2,0x45a,0x5a008000000f0f0f,8,4.132378101348877
0,0x45a,0x5a008000000f0f0f,8,4.13248610496521
2,0x45a,0x5a008000000f0f0f,8,4.1326904296875
0,0x45a,0x5a008000000f0f0f,8,4.132694482803345
2,0x45a,0x5a008000000f0f0f,8,4.132949113845825
0,0x45a,0x5a008000000f0f0f,8,4.13295316696167
2,0x45a,0x5a008000000f0f0f,8,4.1331787109375
0,0x45a,0x5a008000000f0f0f,8,4.133352756500244
2,0x45a,0x5a008000000f0f0f,8,4.133466005325317
0,0x45a,0x5a008000000f0f0f,8,4.133469581604004
2,0x45a,0x5a008000000f0f0f,8,4.133779287338257
0,0x45a,0x5a008000000f0f0f,8,4.1337831020355225
2,0x45a,0x5a008000000f0f0f,8,4.134073257446289
0,0x45a,0x5a008000000f0f0f,8,4.134077310562134
2,0x45a,0x5a008000000f0f0f,8,4.13428521156311
0,0x45a,0x5a008000000f0f0f,8,4.134290456771851
2,0x45a,0x5a008000000f0f0f,8,4.134546518325806
0,0x45a,0x5a008000000f0f0f,8,4.134550333023071
2,0x46c,0x6c008000000f0f0f,8,4.135144233703613
0,0x46c,0x6c008000000f0f0f,8,4.135150909423828
2,0x45a,0x5a01800000000000,8,4.174752235412598
0,0x45a,0x5a01800000000000,8,4.174771308898926
2,0x46c,0x6c01800000000000,8,4.234933376312256
0,0x46c,0x6c01800000000000,8,4.234957695007324
2,0x45a,0x6c02000000000000,8,4.27449631690979
0,0x45a,0x6c02000000000000,8,4.274617671966553
2,0x3fc,0x00000000000004d0,8,4.360231637954712
0,0x3fc,0x00000000000004d0,8,4.360384702682495
2,0x620,0x1000000080260080,8,4.371178865432739
0,0x620,0x1000000080260080,8,4.371182203292847
2,0x46c,0x5a02000000000000,8,4.374746322631836
0,0x46c,0x5a02000000000000,8,4.374851226806641
2,0x622,0x1200000000000000,8,4.391282320022583
0,0x622,0x1200000000000000,8,4.391292095184326
2,0x610,0x2000006480fffd40,8,4.39607834815979
0,0x610,0x2000006480fffd40,8,4.396177530288696
2,0x623,0x1900800000f00000,8,4.401150226593018
0,0x623,0x1900800000f00000,8,4.401244163513184
2,0x3fc,0x00000000000004d0,8,4.411208152770996
0,0x3fc,0x00000000000004d0,8,4.411211967468262
2,0x624,0x1a00570049400000,8,4.411452293395996
0,0x624,0x1a00570049400000,8,4.411455869674683
2,0x611,0x2100001000005144,8,4.435100793838501
0,0x611,0x2100001000005144,8,4.435105562210083
2,0x614,0x2900fe00000013c8,8,4.447099208831787
0,0x614,0x2900fe00000013c8,8,4.4471025466918945
2,0x615,0x2a00708800004946,8,4.459056377410889
0,0x615,0x2a00708800004946,8,4.459143400192261
2,0x3fc,0x00000000008004d8,8,4.460179328918457
0,0x3fc,0x00000000008004d8,8,4.460182428359985
2,0x45a,0x6c02000000000000,8,4.474377870559692
0,0x45a,0x6c02000000000000,8,4.474484205245972
2,0x3fc,0x00000000000004e8,8,4.510207176208496
0,0x3fc,0x00000000000004e8,8,4.510215997695923
2,0x3fc,0x00000000000004d8,8,4.56016731262207
0,0x3fc,0x00000000000004d8,8,4.560360670089722
2,0x46c,0x5a02000000000000,8,4.569848537445068
0,0x46c,0x5a02000000000000,8,4.569855451583862
2,0x63b,0x16002e0a00000b60,8,4.585367441177368
0,0x63b,0x16002e0a00000b60,8,4.585373163223267
2,0x3fc,0x00000000000004c8,8,4.6111438274383545
0,0x3fc,0x00000000000004c8,8,4.611248970031738
2,0x3fc,0x00000000000004c0,8,4.660189628601074
0,0x3fc,0x00000000000004c0,8,4.6601996421813965
2,0x45a,0x6c02000000000000,8,4.664259672164917
0,0x45a,0x6c02000000000000,8,4.664263725280762
2,0x620,0x1000000080260080,8,4.671286344528198
0,0x620,0x1000000080260080,8,4.671289682388306
2,0x3fc,0x00000000000004d8,8,4.711236476898193
0,0x3fc,0x00000000000004d8,8,4.711241006851196
2,0x46c,0x5a02000000000000,8,4.759788751602173
0,0x46c,0x5a02000000000000,8,4.759795427322388
2,0x3fc,0x00000000000004e0,8,4.7601399421691895
0,0x3fc,0x00000000000004e0,8,4.76025128364563
2,0x3fc,0x00000000000004c0,8,4.81021523475647
0,0x3fc,0x00000000000004c0,8,4.810230493545532
2,0x45a,0x6c02000000000000,8,4.85417103767395
0,0x45a,0x6c02000000000000,8,4.854198932647705
2,0x3fc,0x00000000000004d8,8,4.860136270523071
0,0x3fc,0x00000000000004d8,8,4.860145568847656
2,0x610,0x2000006480fffd40,8,4.897081136703491
0,0x610,0x2000006480fffd40,8,4.897212505340576
2,0x3fc,0x00000000000004d0,8,4.911159992218018
0,0x3fc,0x00000000000004d0,8,4.911170482635498
2,0x46c,0x5a02000000000000,8,4.949665069580078
0,0x46c,0x5a02000000000000,8,4.949674129486084
2,0x3fc,0x00000000000004d0,8,4.960164308547974
0,0x3fc,0x00000000000004d0,8,4.960172653198242
2,0x620,0x1000000080260080,8,4.971120834350586
0,0x620,0x1000000080260080,8,4.971128225326538
2,0x3fc,0x00000000008004e0,8,5.010188817977905
0,0x3fc,0x00000000008004e0,8,5.010195255279541
2,0x45a,0x6c02000000000000,8,5.0440332889556885
0,0x45a,0x6c02000000000000,8,5.044284343719482
2,0x3fc,0x00000000000004d8,8,5.060169696807861
0,0x3fc,0x00000000000004d8,8,5.060180425643921
2,0x63b,0x16002e0a00000b64,8,5.0949625968933105
0,0x63b,0x16002e0a00000b64,8,5.094977855682373
2,0x3fc,0x00000000000004c8,8,5.110140085220337
0,0x3fc,0x00000000000004c8,8,5.110376596450806
2,0x46c,0x5a02000000000000,8,5.139649391174316
0,0x46c,0x5a02000000000000,8,5.139659404754639
2,0x3fc,0x00000000000004e0,8,5.160152435302734
0,0x3fc,0x00000000000004e0,8,5.160160541534424
2,0x3fc,0x00000000000004d8,8,5.211195945739746
0,0x3fc,0x00000000000004d8,8,5.211233854293823
2,0x45a,0x6c02000000000000,8,5.233964443206787
0,0x45a,0x6c02000000000000,8,5.233973264694214
2,0x3fc,0x00000000000004c0,8,5.26012659072876
0,0x3fc,0x00000000000004c0,8,5.260131597518921
2,0x620,0x1000000080260080,8,5.271106958389282
0,0x620,0x1000000080260080,8,5.271117687225342
2,0x3fc,0x00000000000004c0,8,5.3111231327056885
0,0x3fc,0x00000000000004c0,8,5.311133146286011
2,0x46c,0x5a02000000000000,8,5.329578399658203
0,0x46c,0x5a02000000000000,8,5.329708576202393
2,0x3fc,0x00000000000004d8,8,5.360126733779907
0,0x3fc,0x00000000000004d8,8,5.360147714614868
2,0x622,0x1200000000000000,8,5.3860883712768555
0,0x622,0x1200000000000000,8,5.386099338531494
2,0x610,0x2000006480fffd40,8,5.395142316818237
0,0x610,0x2000006480fffd40,8,5.395147323608398
2,0x623,0x1900800000f00000,8,5.396183013916016
0,0x623,0x1900800000f00000,8,5.396195888519287
2,0x624,0x1a00570049400000,8,5.406129360198975
0,0x624,0x1a00570049400000,8,5.406147003173828
2,0x3fc,0x00000000000004e0,8,5.4112091064453125
0,0x3fc,0x00000000000004e0,8,5.411217927932739
2,0x45a,0x6c02000000000000,8,5.4238221645355225
0,0x45a,0x6c02000000000000,8,5.423829793930054
2,0x611,0x2100001000005144,8,5.43416953086853
0,0x611,0x2100001000005144,8,5.434176683425903
2,0x614,0x2900fe00000013c8,8,5.446403503417969
0,0x614,0x2900fe00000013c8,8,5.446410417556763
2,0x3fc,0x00000000008004e0,8,5.4601149559021
0,0x3fc,0x00000000008004e0,8,5.460129499435425
2,0x3fc,0x00000000000004d8,8,5.511117935180664
0,0x3fc,0x00000000000004d8,8,5.511148691177368
2,0x46c,0x5a02000000000000,8,5.519588470458984
0,0x46c,0x5a02000000000000,8,5.5196123123168945
2,0x3fc,0x00000000000004c8,8,5.560081958770752
0,0x3fc,0x00000000000004c8,8,5.560103178024292
2,0x620,0x1000000080260080,8,5.571139812469482
0,0x620,0x1000000080260080,8,5.57114839553833
2,0x63b,0x16002e0a00000b69,8,5.604711532592773
0,0x63b,0x16002e0a00000b69,8,5.604727506637573
2,0x3fc,0x00000000000004d8,8,5.611076593399048
0,0x3fc,0x00000000000004d8,8,5.61108660697937
2,0x45a,0x6c02000000000000,8,5.613712787628174
0,0x45a,0x6c02000000000000,8,5.61371636390686
2,0x3fc,0x00000000000004d8,8,5.6600306034088135
0,0x3fc,0x00000000000004d8,8,5.660154342651367
2,0x46c,0x5a02000000000000,8,5.7095725536346436
0,0x46c,0x5a02000000000000,8,5.7095887660980225
2,0x3fc,0x00000000000004d0,8,5.7100441455841064
0,0x3fc,0x00000000000004d0,8,5.710158824920654
2,0x3fc,0x00000000000004d8,8,5.760025978088379
0,0x3fc,0x00000000000004d8,8,5.7600343227386475
2,0x45a,0x6c02000000000000,8,5.803564786911011
0,0x45a,0x6c02000000000000,8,5.803573131561279
2,0x3fc,0x00000000000004c8,8,5.8110198974609375
0,0x3fc,0x00000000000004c8,8,5.811120271682739
2,0x3fc,0x00000000000004d0,8,5.860050916671753
0,0x3fc,0x00000000000004d0,8,5.860055446624756
2,0x620,0x1000000080260080,8,5.871105670928955
0,0x620,0x1000000080260080,8,5.871109962463379
2,0x610,0x2000006480fffd40,8,5.896105766296387
0,0x610,0x2000006480fffd40,8,5.8961098194122314
2,0x46c,0x5a02000000000000,8,5.899612188339233
0,0x46c,0x5a02000000000000,8,5.89961576461792
2,0x3fc,0x00000000000004e0,8,5.9101080894470215
0,0x3fc,0x00000000000004e0,8,5.910111904144287
2,0x3fc,0x00000000000004e0,8,5.96006441116333
0,0x3fc,0x00000000000004e0,8,5.9600746631622314
2,0x45a,0x6c02000000000000,8,5.993463754653931
0,0x45a,0x6c02000000000000,8,5.99346923828125
2,0x3fc,0x00000000000004d0,8,6.010005950927734
0,0x3fc,0x00000000000004d0,8,6.010107517242432
2,0x3fc,0x00000000000004d0,8,6.060020685195923
0,0x3fc,0x00000000000004d0,8,6.060026407241821
2,0x46c,0x5a02000000000000,8,6.089470624923706
0,0x46c,0x5a02000000000000,8,6.089481353759766
2,0x3fc,0x00000000000004c8,8,6.111108303070068
0,0x3fc,0x00000000000004c8,8,6.111114978790283
2,0x63b,0x16002e0a00000b6d,8,6.1144092082977295
0,0x63b,0x16002e0a00000b6d,8,6.114413261413574
2,0x3fc,0x00000080000004c8,8,6.16011643409729
0,0x3fc,0x00000080000004c8,8,6.160120964050293
2,0x620,0x1000000080260080,8,6.171012878417969
0,0x620,0x1000000080260080,8,6.171027660369873
2,0x45a,0x6c02000000000000,8,6.183410167694092
0,0x45a,0x6c02000000000000,8,6.183427810668945
2,0x3fc,0x00000000000004d8,8,6.210052251815796
0,0x3fc,0x00000000000004d8,8,6.210068464279175
2,0x3fc,0x00000000000004d0,8,6.2601213455200195
0,0x3fc,0x00000000000004d0,8,6.260132312774658
2,0x46c,0x5a02000000000000,8,6.279462575912476
0,0x46c,0x5a02000000000000,8,6.279470920562744
2,0x3fc,0x00000000000004d8,8,6.310045003890991
0,0x3fc,0x00000000000004d8,8,6.310053110122681
2,0x3fc,0x00000000000004d0,8,6.360026121139526
0,0x3fc,0x00000000000004d0,8,6.360042095184326
2,0x45a,0x6c02000000000000,8,6.373255968093872
0,0x45a,0x6c02000000000000,8,6.373262166976929
2,0x622,0x1200000000000000,8,6.385948419570923
0,0x622,0x1200000000000000,8,6.386054039001465
2,0x623,0x1900800000f00000,8,6.395936727523804
0,0x623,0x1900800000f00000,8,6.396104097366333
2,0x610,0x2000006480fffd40,8,6.397156238555908
0,0x610,0x2000006480fffd40,8,6.397159814834595
2,0x624,0x1a00570049400000,8,6.405967473983765
0,0x624,0x1a00570049400000,8,6.405972719192505
2,0x3fc,0x00000000000004d0,8,6.410966873168945
0,0x3fc,0x00000000000004d0,8,6.4109697341918945
2,0x611,0x2100001000005144,8,6.436223745346069
0,0x611,0x2100001000005144,8,6.436228513717651
2,0x614,0x2900fe00000013c8,8,6.448091268539429
0,0x614,0x2900fe00000013c8,8,6.448199033737183
2,0x3fc,0x00000000000004d8,8,6.45995831489563
0,0x3fc,0x00000000000004d8,8,6.459963321685791
2,0x46c,0x5a02000000000000,8,6.469399929046631
0,0x46c,0x5a02000000000000,8,6.469404458999634
2,0x620,0x1000000080260080,8,6.471001386642456
0,0x620,0x1000000080260080,8,6.471004962921143
2,0x3fc,0x00000000000004d0,8,6.510993957519531
0,0x3fc,0x00000000000004d0,8,6.511002540588379
2,0x3fc,0x00000000000004d0,8,6.559970855712891
0,0x3fc,0x00000000000004d0,8,6.55997896194458
2,0x45a,0x6c02000000000000,8,6.563089847564697
0,0x45a,0x6c02000000000000,8,6.563184499740601
2,0x3fc,0x00000000000004d8,8,6.610952377319336
0,0x3fc,0x00000000000004d8,8,6.6109583377838135
2,0x63b,0x16002e0a00000b72,8,6.624045372009277
0,0x63b,0x16002e0a00000b72,8,6.624049425125122
2,0x46c,0x5a02000000000000,8,6.65946626663208
0,0x46c,0x5a02000000000000,8,6.659475088119507
2,0x3fc,0x00000000000004d8,8,6.659969329833984
0,0x3fc,0x00000000000004d8,8,6.659974575042725
2,0x3fc,0x00000000000004d0,8,6.710967779159546
0,0x3fc,0x00000000000004d0,8,6.7109832763671875
2,0x45a,0x6c02000000000000,8,6.7530198097229
0,0x45a,0x6c02000000000000,8,6.753026008605957
2,0x3fc,0x00000000000004d0,8,6.75995397567749
0,0x3fc,0x00000000000004d0,8,6.759957551956177
2,0x620,0x1000000080260080,8,6.7709760665893555
0,0x620,0x1000000080260080,8,6.770981073379517
2,0x3fc,0x00000000000004e0,8,6.810962200164795
0,0x3fc,0x00000000000004e0,8,6.810967683792114
2,0x46c,0x5a12000000000000,8,6.849400997161865
0,0x46c,0x5a12000000000000,8,6.849406719207764
2,0x3fc,0x00000000000004c8,8,6.85990834236145
0,0x3fc,0x00000000000004c8,8,6.859912157058716
2,0x610,0x2000006480fffd40,8,6.8951122760772705
0,0x610,0x2000006480fffd40,8,6.8951170444488525
2,0x3fc,0x00000080000004c8,8,6.909934997558594
0,0x3fc,0x00000080000004c8,8,6.909939765930176
2,0x45a,0x6c02000000000000,8,6.942895412445068
0,0x45a,0x6c02000000000000,8,6.942900657653809
2,0x3fc,0x00000000000004d8,8,6.959924936294556
0,0x3fc,0x00000000000004d8,8,6.959930658340454
2,0x3fc,0x00000000000004c0,8,7.010932445526123
0,0x3fc,0x00000000000004c0,8,7.010937452316284
2,0x46c,0x5a12000000000000,8,7.03936767578125
0,0x46c,0x5a12000000000000,8,7.039371967315674
2,0x3fc,0x00000000000004d8,8,7.059990167617798
0,0x3fc,0x00000000000004d8,8,7.059994220733643
2,0x620,0x1000000080260080,8,7.070933103561401
0,0x620,0x1000000080260080,8,7.070937156677246
2,0x3fc,0x00000000000004e0,8,7.109965562820435
0,0x3fc,0x00000000000004e0,8,7.109970808029175
2,0x45a,0x6c02000000000000,8,7.1327738761901855
0,0x45a,0x6c02000000000000,8,7.1327855587005615
2,0x63b,0x16002e0a00000b77,8,7.1337971687316895
0,0x63b,0x16002e0a00000b77,8,7.133800745010376
2,0x3fc,0x00000000000004d8,8,7.1598899364471436
0,0x3fc,0x00000000000004d8,8,7.159901857376099
2,0x3fc,0x00000000000004d8,8,7.209960699081421
0,0x3fc,0x00000000000004d8,8,7.2099690437316895
2,0x46c,0x5a12000000000000,8,7.229397773742676
0,0x46c,0x5a12000000000000,8,7.2294018268585205
2,0x3fc,0x00000000000004d0,8,7.259877443313599
0,0x3fc,0x00000000000004d0,8,7.259886026382446
2,0x3fc,0x00000000000004c8,8,7.311000823974609
0,0x3fc,0x00000000000004c8,8,7.3110129833221436
2,0x45a,0x6c02000000000000,8,7.3226869106292725
0,0x45a,0x6c02000000000000,8,7.322691440582275
2,0x3fc,0x00000000000004c8,8,7.359955310821533
0,0x3fc,0x00000000000004c8,8,7.359960079193115
2,0x620,0x1000000080260080,8,7.3709189891815186
0,0x620,0x1000000080260080,8,7.370924949645996
2,0x622,0x1200000000000000,8,7.390858888626099
0,0x622,0x1200000000000000,8,7.390863418579102
2,0x610,0x2000006480fffd40,8,7.396242141723633
0,0x610,0x2000006480fffd40,8,7.396246433258057
2,0x623,0x1900800000f00000,8,7.400854825973511
0,0x623,0x1900800000f00000,8,7.4008660316467285
2,0x3fc,0x00000000000004e8,8,7.410909652709961
0,0x3fc,0x00000000000004e8,8,7.41091775894165
2,0x624,0x1a00570049400000,8,7.411078691482544
0,0x624,0x1a00570049400000,8,7.41108250617981
2,0x46c,0x5a12000000000000,8,7.4191577434539795
0,0x46c,0x5a12000000000000,8,7.419250726699829
2,0x611,0x2100001000005144,8,7.435130596160889
0,0x611,0x2100001000005144,8,7.435140132904053
2,0x614,0x2900fe00000013c8,8,7.44713830947876
0,0x614,0x2900fe00000013c8,8,7.447143077850342
2,0x3fc,0x00000000000004d0,8,7.459858417510986
0,0x3fc,0x00000000000004d0,8,7.459881544113159
2,0x3fc,0x00000000000004c8,8,7.5108113288879395
0,0x3fc,0x00000000000004c8,8,7.510983943939209
2,0x45a,0x6c02000000000000,8,7.512539386749268
0,0x45a,0x6c02000000000000,8,7.512543678283691
2,0x3fc,0x00000000000004c0,8,7.559811592102051
0,0x3fc,0x00000000000004c0,8,7.559983015060425
2,0x46c,0x5a12000000000000,8,7.609158277511597
0,0x46c,0x5a12000000000000,8,7.609279155731201
2,0x3fc,0x00000000000004e0,8,7.61082911491394
0,0x3fc,0x00000000000004e0,8,7.610941410064697
2,0x63b,0x16002e0a00000b7b,8,7.643406629562378
0,0x63b,0x16002e0a00000b7b,8,7.643417119979858
2,0x3fc,0x00000000000004d0,8,7.659820079803467
0,0x3fc,0x00000000000004d0,8,7.659826040267944
2,0x620,0x1000000080260080,8,7.670846939086914
0,0x620,0x1000000080260080,8,7.670850992202759
2,0x45a,0x6c02000000000000,8,7.702479839324951
0,0x45a,0x6c02000000000000,8,7.7024853229522705
2,0x3fc,0x00000000000004d0,8,7.710805654525757
0,0x3fc,0x00000000000004d0,8,7.710980176925659
2,0x3fc,0x00000000000004d0,8,7.759824514389038
0,0x3fc,0x00000000000004d0,8,7.759830713272095
2,0x46c,0x5a12000000000000,8,7.79915976524353
0,0x46c,0x5a12000000000000,8,7.799182415008545
2,0x3fc,0x00000000000004e0,8,7.810851812362671
0,0x3fc,0x00000000000004e0,8,7.8108603954315186
2,0x3fc,0x00000000000004d0,8,7.859854459762573
0,0x3fc,0x00000000000004d0,8,7.859884262084961
2,0x45a,0x6c02000000000000,8,7.89240288734436
0,0x45a,0x6c02000000000000,8,7.892410516738892
2,0x610,0x2000006480fffd40,8,7.897165536880493
0,0x610,0x2000006480fffd40,8,7.897182941436768
2,0x3fc,0x00000000000004d0,8,7.910790681838989
0,0x3fc,0x00000000000004d0,8,7.910992383956909
2,0x3fc,0x00000000000004d8,8,7.959943532943726
0,0x3fc,0x00000000000004d8,8,7.959972858428955
2,0x620,0x1000000080260080,8,7.970811605453491
0,0x620,0x1000000080260080,8,7.970824241638184
2,0x46c,0x5a12000000000000,8,7.98923134803772
0,0x46c,0x5a12000000000000,8,7.989274501800537
2,0x3fc,0x00000000008004d0,8,8.010908126831055
0,0x3fc,0x00000000008004d0,8,8.010948657989502
2,0x3fc,0x00000000000004c8,8,8.059781551361084
0,0x3fc,0x00000000000004c8,8,8.059789180755615
2,0x45a,0x6c02000000000000,8,8.082241535186768
0,0x45a,0x6c02000000000000,8,8.08239483833313
2,0x3fc,0x00000000000004d0,8,8.110788106918335
0,0x3fc,0x00000000000004d0,8,8.110805749893188
2,0x63b,0x16002e0a00000b80,8,8.153244733810425
0,0x63b,0x16002e0a00000b80,8,8.153250455856323
2,0x3fc,0x00000000000004e0,8,8.159811973571777
0,0x3fc,0x00000000000004e0,8,8.159825563430786
2,0x46c,0x5a12000000000000,8,8.179122924804688
0,0x46c,0x5a12000000000000,8,8.179133653640747
2,0x3fc,0x00000000000004e0,8,8.210833549499512
0,0x3fc,0x00000000000004e0,8,8.210873126983643
2,0x3fc,0x00000000000004d0,8,8.259833335876465
0,0x3fc,0x00000000000004d0,8,8.259866952896118
2,0x620,0x1000000080260080,8,8.270737886428833
0,0x620,0x1000000080260080,8,8.270862340927124
2,0x45a,0x6c02000000000000,8,8.272175312042236
0,0x45a,0x6c02000000000000,8,8.272182941436768
2,0x3fc,0x00000000000004d8,8,8.3097562789917
0,0x3fc,0x00000000000004d8,8,8.309872150421143
2,0x3fc,0x00000000000004d8,8,8.359825849533081
0,0x3fc,0x00000000000004d8,8,8.359848022460938
2,0x46c,0x5a12000000000000,8,8.369067907333374
0,0x46c,0x5a12000000000000,8,8.369076013565063
2,0x622,0x1200000000000000,8,8.385784387588501
0,0x622,0x1200000000000000,8,8.385796308517456
2,0x610,0x2000006480fffd40,8,8.395118474960327
0,0x610,0x2000006480fffd40,8,8.395123481750488
2,0x623,0x1900800000f00000,8,8.395795106887817
0,0x623,0x1900800000f00000,8,8.395799160003662
2,0x624,0x1a00570049400000,8,8.405860662460327
0,0x624,0x1a00570049400000,8,8.405864477157593
2,0x3fc,0x00000000000004e8,8,8.40976619720459
0,0x3fc,0x00000000000004e8,8,8.409769535064697
2,0x611,0x2100001000005144,8,8.437119245529175
0,0x611,0x2100001000005144,8,8.437123537063599
2,0x614,0x2900fe00000013c8,8,8.449121236801147
0,0x614,0x2900fe00000013c8,8,8.449125528335571
2,0x3fc,0x00000000000004d0,8,8.459761142730713
0,0x3fc,0x00000000000004d0,8,8.459765434265137
2,0x45a,0x6c02000000000000,8,8.461987733840942
0,0x45a,0x6c02000000000000,8,8.46199107170105
2,0x3fc,0x00000000000004e0,8,8.51075553894043
0,0x3fc,0x00000000000004e0,8,8.51076078414917
2,0x46c,0x5a12000000000000,8,8.559036493301392
0,0x46c,0x5a12000000000000,8,8.55905270576477
2,0x3fc,0x00000080000004d8,8,8.559726476669312
0,0x3fc,0x00000080000004d8,8,8.55973196029663
2,0x620,0x1000000080260080,8,8.57080626487732
0,0x620,0x1000000080260080,8,8.570822715759277
2,0x3fc,0x00000000000004d8,8,8.610799074172974
0,0x3fc,0x00000000000004d8,8,8.610811948776245
2,0x45a,0x6c02000000000000,8,8.651906728744507
0,0x45a,0x6c02000000000000,8,8.65192699432373
2,0x3fc,0x00000000000004d0,8,8.659738540649414
0,0x3fc,0x00000000000004d0,8,8.659745216369629
2,0x63b,0x16002e0a00000b85,8,8.662812948226929
0,0x63b,0x16002e0a00000b85,8,8.662818431854248
2,0x3fc,0x00000000000004d8,8,8.709759712219238
0,0x3fc,0x00000000000004d8,8,8.709774017333984
2,0x46c,0x5a12000000000000,8,8.749123811721802
0,0x46c,0x5a12000000000000,8,8.749135255813599
2,0x3fc,0x00000000000004d8,8,8.759727954864502
0,0x3fc,0x00000000000004d8,8,8.759737491607666
2,0x3fc,0x00000000000004d0,8,8.81072735786438
0,0x3fc,0x00000000000004d0,8,8.810745477676392
2,0x45a,0x6c02000000000000,8,8.841739892959595
0,0x45a,0x6c02000000000000,8,8.841754913330078
2,0x3fc,0x00000000000004c8,8,8.85968279838562
0,0x3fc,0x00000000000004c8,8,8.859832286834717
2,0x620,0x1000000080260080,8,8.870666265487671
0,0x620,0x1000000080260080,8,8.870863914489746
2,0x610,0x2000006480fffd40,8,8.896187543869019
0,0x610,0x2000006480fffd40,8,8.896201133728027
2,0x3fc,0x00000000008004e0,8,8.910791397094727
0,0x3fc,0x00000000008004e0,8,8.910796880722046
2,0x46c,0x5a12000000000000,8,8.93902587890625
0,0x46c,0x5a12000000000000,8,8.93903112411499
2,0x3fc,0x00000000000004d0,8,8.959674835205078
0,0x3fc,0x00000000000004d0,8,8.959685802459717
2,0x3fc,0x00000000000004d8,8,9.009742975234985
0,0x3fc,0x00000000000004d8,8,9.009765863418579
2,0x45a,0x6c02000000000000,8,9.031754732131958
0,0x45a,0x6c02000000000000,8,9.03176212310791
2,0x3fc,0x00000000000004c8,8,9.059645652770996
0,0x3fc,0x00000000000004c8,8,9.059762239456177
2,0x3fc,0x00000000000004d0,8,9.1106436252594
0,0x3fc,0x00000000000004d0,8,9.11076807975769
2,0x46c,0x5a12000000000000,8,9.128901243209839
0,0x46c,0x5a12000000000000,8,9.128906011581421
2,0x3fc,0x00000000000004d8,8,9.159730434417725
0,0x3fc,0x00000000000004d8,8,9.15974736213684
2,0x620,0x1000000080260080,8,9.170766592025757
0,0x620,0x1000000080260080,8,9.170785427093506
2,0x63b,0x16002e0a00000b89,8,9.172497272491455
0,0x63b,0x16002e0a00000b89,8,9.172504901885986
2,0x3fc,0x00000080000004d8,8,9.209724187850952
0,0x3fc,0x00000080000004d8,8,9.209741830825806
2,0x45a,0x6c02000000000000,8,9.2214937210083
0,0x45a,0x6c02000000000000,8,9.221500396728516
2,0x3fc,0x00000000000004c0,8,9.259695053100586
0,0x3fc,0x00000000000004c0,8,9.25971531867981
2,0x3fc,0x00000000000004c8,8,9.309705257415771
0,0x3fc,0x00000000000004c8,8,9.309711933135986
2,0x46c,0x5a12000000000000,8,9.318995714187622
0,0x46c,0x5a12000000000000,8,9.318999290466309
2,0x3fc,0x00000000000004d0,8,9.35977578163147
0,0x3fc,0x00000000000004d0,8,9.359780550003052
2,0x622,0x1200000000000000,8,9.385670900344849
0,0x622,0x1200000000000000,8,9.385695219039917
2,0x623,0x1900800000f00000,8,9.39565110206604
0,0x623,0x1900800000f00000,8,9.395656824111938
2,0x610,0x2000006480fffd40,8,9.39713191986084
0,0x610,0x2000006480fffd40,8,9.397137641906738
2,0x624,0x1a00570049400000,8,9.40565299987793
0,0x624,0x1a00570049400000,8,9.40565824508667
2,0x3fc,0x00000000000004d0,8,9.41063928604126
0,0x3fc,0x00000000000004d0,8,9.410644292831421
2,0x45a,0x6c02000000000000,8,9.411405086517334
0,0x45a,0x6c02000000000000,8,9.4114089012146
2,0x611,0x2100001000005144,8,9.436169147491455
0,0x611,0x2100001000005144,8,9.436174154281616
2,0x614,0x2900fe00000013c8,8,9.44819688796997
0,0x614,0x2900fe00000013c8,8,9.448200941085815
2,0x3fc,0x00000000000004d0,8,9.459654808044434
0,0x3fc,0x00000000000004d0,8,9.45965838432312
2,0x620,0x1000000080260080,8,9.470736503601074
0,0x620,0x1000000080260080,8,9.470740556716919
2,0x46c,0x5a12000000000000,8,9.508856058120728
0,0x46c,0x5a12000000000000,8,9.508860111236572
2,0x3fc,0x00000000000004d0,8,9.510631799697876
0,0x3fc,0x00000000000004d0,8,9.510635137557983
2,0x3fc,0x00000000000004c8,8,9.559601545333862
0,0x3fc,0x00000000000004c8,8,9.55974555015564
2,0x45a,0x6c02000000000000,8,9.601335525512695
0,0x45a,0x6c02000000000000,8,9.601373195648193
2,0x3fc,0x00000000000004d0,8,9.60962200164795
0,0x3fc,0x00000000000004d0,8,9.609763145446777
2,0x3fc,0x00000000000004c0,8,9.659707069396973
0,0x3fc,0x00000000000004c0,8,9.659734964370728
2,0x63b,0x16002e0a00000b8e,8,9.682214975357056
0,0x63b,0x16002e0a00000b8e,8,9.682222127914429
2,0x46c,0x5a12000000000000,8,9.698891162872314
0,0x46c,0x5a12000000000000,8,9.698909997940063
2,0x3fc,0x00000000000004d8,8,9.710619449615479
0,0x3fc,0x00000000000004d8,8,9.7106294631958
2,0x3fc,0x00000000000004d0,8,9.75965929031372
0,0x3fc,0x00000000000004d0,8,9.759673833847046
2,0x620,0x1000000080260080,8,9.770648002624512
0,0x620,0x1000000080260080,8,9.770652294158936
2,0x45a,0x6c02000000000000,8,9.791125535964966
0,0x45a,0x6c02000000000000,8,9.79123854637146
2,0x3fc,0x00000000000004d8,8,9.810616254806519
0,0x3fc,0x00000000000004d8,8,9.810620069503784
2,0x3fc,0x00000000000004d8,8,9.859544038772583
0,0x3fc,0x00000000000004d8,8,9.859734535217285
2,0x46c,0x5a12000000000000,8,9.888808965682983
0,0x46c,0x5a12000000000000,8,9.888812780380249
2,0x610,0x2000006480fffd40,8,9.895168781280518
0,0x610,0x2000006480fffd40,8,9.895171642303467
2,0x3fc,0x00000000000004e0,8,9.909632682800293
0,0x3fc,0x00000000000004e0,8,9.909637451171875
2,0x3fc,0x00000000000004d0,8,9.95956015586853
0,0x3fc,0x00000000000004d0,8,9.959572792053223
2,0x45a,0x6c02000000000000,8,9.981046676635742
0,0x45a,0x6c02000000000000,8,9.981051206588745
2,0x3fc,0x00000000000004e0,8,10.010546922683716
0,0x3fc,0x00000000000004e0,8,10.010734558105469
2,0x3fc,0x00000000000004d0,8,10.059554815292358
0,0x3fc,0x00000000000004d0,8,10.059564352035522
2,0x620,0x1000000080260080,8,10.07052230834961
0,0x620,0x1000000080260080,8,10.070637941360474
2,0x46c,0x5a12000000000000,8,10.078755140304565
0,0x46c,0x5a12000000000000,8,10.078757762908936
2,0x3fc,0x00000000000004d8,8,10.109573602676392
0,0x3fc,0x00000000000004d8,8,10.109594345092773
2,0x3fc,0x00000000000004d8,8,10.159571409225464
0,0x3fc,0x00000000000004d8,8,10.159579992294312
2,0x45a,0x6c02000000000000,8,10.170921325683594
0,0x45a,0x6c02000000000000,8,10.170927286148071
2,0x63b,0x16002e0a00000b93,8,10.191920280456543
0,0x63b,0x16002e0a00000b93,8,10.19193410873413
2,0x3fc,0x00000000000004e0,8,10.209580421447754
0,0x3fc,0x00000000000004e0,8,10.209596633911133
2,0x3fc,0x00000000000004e0,8,10.259624719619751
0,0x3fc,0x00000000000004e0,8,10.259647130966187
2,0x46c,0x5a12000000000000,8,10.268763303756714
0,0x46c,0x5a12000000000000,8,10.26879096031189
2,0x3fc,0x00000000000004d0,8,10.310640096664429
0,0x3fc,0x00000000000004d0,8,10.31066083908081
2,0x3fc,0x00000000000004d0,8,10.359616041183472
0,0x3fc,0x00000000000004d0,8,10.359647512435913
2,0x45a,0x6c02000000000000,8,10.36083197593689
0,0x45a,0x6c02000000000000,8,10.360842227935791
2,0x620,0x1000000080260080,8,10.37056016921997
0,0x620,0x1000000080260080,8,10.370567321777344
2,0x622,0x1200000000000000,8,10.390560388565063
0,0x622,0x1200000000000000,8,10.3905668258667
2,0x610,0x2000006480fffd40,8,10.396262168884277
0,0x610,0x2000006480fffd40,8,10.396268367767334
2,0x623,0x1900800000f00000,8,10.400541067123413
0,0x623,0x1900800000f00000,8,10.400546073913574
2,0x3fc,0x00000000000004d8,8,10.410497426986694
0,0x3fc,0x00000000000004d8,8,10.410602569580078
2,0x624,0x1a00570049400000,8,10.410793781280518
0,0x624,0x1a00570049400000,8,10.410797834396362
2,0x611,0x2100001000005144,8,10.435254335403442
0,0x611,0x2100001000005144,8,10.435296297073364
2,0x614,0x2900fe00000013c8,8,10.447173833847046
0,0x614,0x2900fe00000013c8,8,10.447185277938843
2,0x46c,0x5a12000000000000,8,10.45866084098816
0,0x46c,0x5a12000000000000,8,10.458669185638428
2,0x3fc,0x00000000000004c8,8,10.459676742553711
0,0x3fc,0x00000000000004c8,8,10.459682703018188
2,0x3fc,0x00000000000004c0,8,10.509493112564087
0,0x3fc,0x00000000000004c0,8,10.509599208831787
2,0x45a,0x6c02000000000000,8,10.550695896148682
0,0x45a,0x6c02000000000000,8,10.550702571868896
2,0x3fc,0x00000000000004d0,8,10.559483766555786
0,0x3fc,0x00000000000004d0,8,10.559487342834473
2,0x3fc,0x00000000000004c8,8,10.610621929168701
0,0x3fc,0x00000000000004c8,8,10.61063814163208
2,0x46c,0x5a12000000000000,8,10.648640155792236
0,0x46c,0x5a12000000000000,8,10.648651838302612
2,0x3fc,0x00000000000004c0,8,10.659485578536987
0,0x3fc,0x00000000000004c0,8,10.65960955619812
2,0x620,0x1000000080260080,8,10.670489072799683
0,0x620,0x1000000080260080,8,10.670500040054321
2,0x63b,0x16002e0a00000b97,8,10.701585292816162
0,0x63b,0x16002e0a00000b97,8,10.701609373092651
2,0x3fc,0x00000000000004d8,8,10.710535287857056
0,0x3fc,0x00000000000004d8,8,10.710548877716064
2,0x45a,0x6c02000000000000,8,10.740607023239136
0,0x45a,0x6c02000000000000,8,10.740620613098145
2,0x3fc,0x00000000000004d0,8,10.759561538696289
0,0x3fc,0x00000000000004d0,8,10.759600400924683
2,0x3fc,0x00000080000004d8,8,10.810516119003296
0,0x3fc,0x00000080000004d8,8,10.81053614616394
2,0x46c,0x5a12000000000000,8,10.83862018585205
0,0x46c,0x5a12000000000000,8,10.838646411895752
2,0x3fc,0x00000000000004d0,8,10.859466791152954
0,0x3fc,0x00000000000004d0,8,10.859473943710327
2,0x610,0x2000006480fffd40,8,10.897173166275024
0,0x610,0x2000006480fffd40,8,10.89722490310669
2,0x3fc,0x00000000000004d0,8,10.910514116287231
0,0x3fc,0x00000000000004d0,8,10.910519123077393
2,0x45a,0x6c02000000000000,8,10.930493831634521
0,0x45a,0x6c02000000000000,8,10.930501461029053
2,0x3fc,0x00000000000004c0,8,10.959502935409546
0,0x3fc,0x00000000000004c0,8,10.959508180618286
2,0x620,0x1000000080260080,8,10.970497846603394
0,0x620,0x1000000080260080,8,10.970504522323608
2,0x3fc,0x00000000000004d8,8,11.01049280166626
0,0x3fc,0x00000000000004d8,8,11.010499954223633
2,0x46c,0x5a12000000000000,8,11.02855658531189
0,0x46c,0x5a12000000000000,8,11.028560638427734
2,0x3fc,0x00000080000004c8,8,11.059471368789673
0,0x3fc,0x00000080000004c8,8,11.059476852416992
2,0x3fc,0x00000000000004d8,8,11.109558343887329
0,0x3fc,0x00000000000004d8,8,11.109602451324463
2,0x45a,0x6c02000000000000,8,11.120434284210205
0,0x45a,0x6c02000000000000,8,11.120449304580688
2,0x3fc,0x00000000000004d8,8,11.159432411193848
0,0x3fc,0x00000000000004d8,8,11.15959644317627
2,0x3fc,0x00000000000004d8,8,11.21049952507019
0,0x3fc,0x00000000000004d8,8,11.210515022277832
2,0x63b,0x16002e0a00000b9c,8,11.211368560791016
0,0x63b,0x16002e0a00000b9c,8,11.211479187011719
2,0x46c,0x5a12000000000000,8,11.218562602996826
0,0x46c,0x5a12000000000000,8,11.218567132949829
2,0x3fc,0x00000080000004b8,8,11.259394884109497
0,0x3fc,0x00000080000004b8,8,11.259512662887573
2,0x620,0x1000000080260080,8,11.270397424697876
0,0x620,0x1000000080260080,8,11.270523309707642
2,0x45a,0x6c02000000000000,8,11.310289859771729
0,0x45a,0x6c02000000000000,8,11.310301065444946
2,0x3fc,0x00000000000004d0,8,11.310511589050293
0,0x3fc,0x00000000000004d0,8,11.31051778793335
2,0x3fc,0x00000000000004d8,8,11.359474658966064
0,0x3fc,0x00000000000004d8,8,11.359482049942017
2,0x622,0x1200000000000000,8,11.385407209396362
0,0x622,0x1200000000000000,8,11.385414600372314
2,0x610,0x2000006480fffd40,8,11.395144939422607
0,0x610,0x2000006480fffd40,8,11.395149946212769
2,0x623,0x1900800000f00000,8,11.395409345626831
0,0x623,0x1900800000f00000,8,11.395412683486938
2,0x624,0x1a00570049400000,8,11.405420303344727
0,0x624,0x1a00570049400000,8,11.405436992645264
2,0x46c,0x5a12000000000000,8,11.408539772033691
0,0x46c,0x5a12000000000000,8,11.408545970916748
2,0x3fc,0x00000000000004d0,8,11.41040825843811
0,0x3fc,0x00000000000004d0,8,11.410413980484009
2,0x611,0x2100001000005144,8,11.434181451797485
0,0x611,0x2100001000005144,8,11.434189081192017
2,0x614,0x2900fe00000013c8,8,11.446205854415894
0,0x614,0x2900fe00000013c8,8,11.446211576461792
2,0x3fc,0x00000000000004d8,8,11.459413051605225
0,0x3fc,0x00000000000004d8,8,11.459418773651123
2,0x45a,0x6c02000000000000,8,11.500192403793335
0,0x45a,0x6c02000000000000,8,11.50021767616272
2,0x3fc,0x00000000000004e0,8,11.510516881942749
0,0x3fc,0x00000000000004e0,8,11.510530710220337
2,0x3fc,0x00000080000004d8,8,11.559453010559082
0,0x3fc,0x00000080000004d8,8,11.559491872787476
2,0x620,0x1000000080260080,8,11.570446491241455
0,0x620,0x1000000080260080,8,11.57045865058899
2,0x46c,0x5a12000000000000,8,11.598529577255249
0,0x46c,0x5a12000000000000,8,11.598542213439941
2,0x3fc,0x00000080000004c8,8,11.610570430755615
0,0x3fc,0x00000080000004c8,8,11.610584735870361
2,0x3fc,0x00000000000004e0,8,11.65941858291626
0,0x3fc,0x00000000000004e0,8,11.659427881240845
2,0x45a,0x6c02000000000000,8,11.68998646736145
0,0x45a,0x6c02000000000000,8,11.690097570419312
2,0x3fc,0x00000000000004c0,8,11.709466695785522
0,0x3fc,0x00000000000004c0,8,11.709471225738525
2,0x63b,0x16002e0a00000ba0,8,11.720938444137573
0,0x63b,0x16002e0a00000ba0,8,11.720942735671997
2,0x3fc,0x00000000000004e0,8,11.75946593284607
0,0x3fc,0x00000000000004e0,8,11.759471416473389
2,0x46c,0x5a12000000000000,8,11.788471698760986
0,0x46c,0x5a12000000000000,8,11.788477182388306
2,0x3fc,0x00000000000004d0,8,11.81040072441101
0,0x3fc,0x00000000000004d0,8,11.810404777526855
2,0x3fc,0x00000000000004d8,8,11.859404802322388
0,0x3fc,0x00000000000004d8,8,11.85940957069397
2,0x620,0x1000000080260080,8,11.870462656021118
0,0x620,0x1000000080260080,8,11.870465755462646
2,0x45a,0x6c02000000000000,8,11.87990140914917
0,0x45a,0x6c02000000000000,8,11.879904747009277
2,0x610,0x2000006480fffd40,8,11.89618444442749
0,0x610,0x2000006480fffd40,8,11.896189212799072
2,0x3fc,0x00000000000004e0,8,11.91041088104248
0,0x3fc,0x00000000000004e0,8,11.910414457321167
2,0x3fc,0x00000000000004d0,8,11.95940613746643
0,0x3fc,0x00000000000004d0,8,11.959412336349487
2,0x46c,0x5a12000000000000,8,11.978471279144287
0,0x46c,0x5a12000000000000,8,11.978481531143188
2,0x3fc,0x00000000000004d8,8,12.00942873954773
0,0x3fc,0x00000000000004d8,8,12.009450674057007
2,0x3fc,0x00000000000004c8,8,12.059373378753662
0,0x3fc,0x00000000000004c8,8,12.059485912322998
2,0x45a,0x6c02000000000000,8,12.069763898849487
0,0x45a,0x6c02000000000000,8,12.069891214370728
2,0x3fc,0x00000000000004d0,8,12.11044430732727
0,0x3fc,0x00000000000004d0,8,12.110482931137085
2,0x3fc,0x00000000000004d0,8,12.159425973892212
0,0x3fc,0x00000000000004d0,8,12.159447431564331
2,0x46c,0x5a12000000000000,8,12.168387413024902
0,0x46c,0x5a12000000000000,8,12.168394565582275
2,0x620,0x1000000080260080,8,12.170375108718872
0,0x620,0x1000000080260080,8,12.170487403869629
2,0x3fc,0x00000000000004e0,8,12.209436893463135
0,0x3fc,0x00000000000004e0,8,12.209453344345093
2,0x63b,0x16002e0a00000ba5,8,12.230695247650146
0,0x63b,0x16002e0a00000ba5,8,12.230709791183472
2,0x3fc,0x00000000000004d0,8,12.25927209854126
0,0x3fc,0x00000000000004d0,8,12.259421348571777
2,0x45a,0x6c02000000000000,8,12.259675025939941
0,0x45a,0x6c02000000000000,8,12.25967788696289
2,0x3fc,0x00000000000004d8,8,12.310288429260254
0,0x3fc,0x00000000000004d8,8,12.310296297073364
2,0x46c,0x5a12000000000000,8,12.358430624008179
0,0x46c,0x5a12000000000000,8,12.358456373214722
2,0x3fc,0x00000000000004c8,8,12.35930871963501
0,0x3fc,0x00000000000004c8,8,12.359317302703857
2,0x622,0x1200000000000000,8,12.385420322418213
0,0x622,0x1200000000000000,8,12.38543152809143
2,0x623,0x1900800000f00000,8,12.39530611038208
0,0x623,0x1900800000f00000,8,12.39531135559082
2,0x610,0x2000006480fffd40,8,12.397146224975586
0,0x610,0x2000006480fffd40,8,12.397151470184326
2,0x624,0x1a00570049400000,8,12.405295372009277
0,0x624,0x1a00570049400000,8,12.405312299728394
2,0x3fc,0x00000000000004d8,8,12.410316467285156
0,0x3fc,0x00000000000004d8,8,12.41032600402832
2,0x611,0x2100001000005144,8,12.436219215393066
0,0x611,0x2100001000005144,8,12.43622636795044
2,0x614,0x2900fe00000013c8,8,12.448165655136108
0,0x614,0x2900fe00000013c8,8,12.448169946670532
2,0x45a,0x6c02000000000000,8,12.449559926986694
0,0x45a,0x6c02000000000000,8,12.44956350326538
2,0x3fc,0x00000000000004e8,8,12.459378957748413
0,0x3fc,0x00000000000004e8,8,12.4593825340271
2,0x620,0x1000000080260080,8,12.470256805419922
0,0x620,0x1000000080260080,8,12.470415115356445
2,0x3fc,0x00000000008004c8,8,12.509380102157593
0,0x3fc,0x00000000008004c8,8,12.509385108947754
2,0x46c,0x5a12000000000000,8,12.54826021194458
0,0x46c,0x5a12000000000000,8,12.548266649246216
2,0x3fc,0x00000000000004d0,8,12.559244632720947
0,0x3fc,0x00000000000004d0,8,12.559401512145996
2,0x3fc,0x00000000000004d0,8,12.609439611434937
0,0x3fc,0x00000000000004d0,8,12.609466552734375
2,0x45a,0x6c02000000000000,8,12.639404058456421
0,0x45a,0x6c02000000000000,8,12.639518976211548
2,0x3fc,0x00000000000004d0,8,12.659323692321777
0,0x3fc,0x00000000000004d0,8,12.659343481063843
2,0x3fc,0x00000000000004d0,8,12.710319995880127
0,0x3fc,0x00000000000004d0,8,12.710338830947876
2,0x46c,0x5a12000000000000,8,12.738210201263428
0,0x46c,0x5a12000000000000,8,12.738370418548584
2,0x63b,0x16002e0a00000baa,8,12.74040675163269
0,0x63b,0x16002e0a00000baa,8,12.740410566329956
2,0x3fc,0x00000000000004d0,8,12.75920295715332
0,0x3fc,0x00000000000004d0,8,12.759369373321533
2,0x620,0x1000000080260080,8,12.770381450653076
0,0x620,0x1000000080260080,8,12.770386695861816
2,0x3fc,0x00000000000004c8,8,12.810436487197876
0,0x3fc,0x00000000000004c8,8,12.810455083847046
2,0x45a,0x6c02000000000000,8,12.82943320274353
0,0x45a,0x6c02000000000000,8,12.82945728302002
2,0x3fc,0x00000000000004d8,8,12.859417915344238
0,0x3fc,0x00000000000004d8,8,12.85942792892456
2,0x610,0x2000006480fffd40,8,12.895164012908936
0,0x610,0x2000006480fffd40,8,12.895168542861938
2,0x3fc,0x00000000000004d0,8,12.90953516960144
0,0x3fc,0x00000000000004d0,8,12.909538745880127
2,0x46c,0x5a12000000000000,8,12.928246974945068
0,0x46c,0x5a12000000000000,8,12.928251504898071
2,0x3fc,0x00000000000004d0,8,12.959246397018433
0,0x3fc,0x00000000000004d0,8,12.959251165390015
2,0x3fc,0x00000000000004d8,8,13.010287046432495
0,0x3fc,0x00000000000004d8,8,13.010296106338501
2,0x45a,0x6c02000000000000,8,13.019405364990234
0,0x45a,0x6c02000000000000,8,13.019408702850342
2,0x3fc,0x00000000000004d0,8,13.05928111076355
0,0x3fc,0x00000000000004d0,8,13.059301137924194
2,0x620,0x1000000080260080,8,13.070314645767212
0,0x620,0x1000000080260080,8,13.070328950881958
2,0x3fc,0x00000000000004d8,8,13.110254049301147
0,0x3fc,0x00000000000004d8,8,13.1102774143219
2,0x46c,0x5a12000000000000,8,13.118229389190674
0,0x46c,0x5a12000000000000,8,13.118237495422363
2,0x3fc,0x00000000000004d8,8,13.15924620628357
0,0x3fc,0x00000000000004d8,8,13.159250974655151
2,0x45a,0x6c02000000000000,8,13.20908808708191
0,0x45a,0x6c02000000000000,8,13.20909309387207
2,0x3fc,0x00000000000004e0,8,13.20941162109375
0,0x3fc,0x00000000000004e0,8,13.209414958953857
2,0x63b,0x16002e0a00000bae,8,13.250043392181396
0,0x63b,0x16002e0a00000bae,8,13.250065326690674
2,0x3fc,0x00000000000004d0,8,13.259217262268066
0,0x3fc,0x00000000000004d0,8,13.259224653244019
2,0x46c,0x5a12000000000000,8,13.308184146881104
0,0x46c,0x5a12000000000000,8,13.308191061019897
2,0x3fc,0x00000000000004c8,8,13.31020975112915
0,0x3fc,0x00000000000004c8,8,13.310213804244995
2,0x3fc,0x00000000000004c8,8,13.359193563461304
0,0x3fc,0x00000000000004c8,8,13.359199285507202
2,0x620,0x1000000080260080,8,13.370254755020142
0,0x620,0x1000000080260080,8,13.370399713516235
2,0x622,0x1200000000000000,8,13.390260934829712
0,0x622,0x1200000000000000,8,13.390268325805664
2,0x610,0x2000006480fffd40,8,13.39625883102417
0,0x610,0x2000006480fffd40,8,13.39626407623291
2,0x45a,0x6c02000000000000,8,13.399005889892578
0,0x45a,0x6c02000000000000,8,13.399012088775635
2,0x623,0x1900800000f00000,8,13.400212287902832
0,0x623,0x1900800000f00000,8,13.400216817855835
2,0x3fc,0x00000000000004d0,8,13.410219669342041
0,0x3fc,0x00000000000004d0,8,13.410223960876465
2,0x624,0x1a00570049400000,8,13.410402297973633
0,0x624,0x1a00570049400000,8,13.410504341125488
2,0x611,0x2100001000005144,8,13.435191631317139
0,0x611,0x2100001000005144,8,13.4351966381073
2,0x614,0x2900fe00000013c8,8,13.447169542312622
0,0x614,0x2900fe00000013c8,8,13.447173595428467
2,0x3fc,0x00000000008004d0,8,13.459174633026123
0,0x3fc,0x00000000008004d0,8,13.459178924560547
2,0x46c,0x5a12000000000000,8,13.498085975646973
0,0x46c,0x5a12000000000000,8,13.498112440109253
2,0x3fc,0x00000000000004c8,8,13.51018476486206
0,0x3fc,0x00000000000004c8,8,13.510188102722168
2,0x3fc,0x00000000000004e8,8,13.559160947799683
0,0x3fc,0x00000000000004e8,8,13.559170484542847
2,0x45a,0x6c02000000000000,8,13.58888864517212
0,0x45a,0x6c02000000000000,8,13.588904857635498
2,0x3fc,0x00000000000004c0,8,13.61019515991211
0,0x3fc,0x00000000000004c0,8,13.61020541191101
2,0x3fc,0x00000000000004c8,8,13.659144639968872
0,0x3fc,0x00000000000004c8,8,13.659162521362305
2,0x620,0x1000000080260080,8,13.670206546783447
0,0x620,0x1000000080260080,8,13.670211791992188
2,0x46c,0x5a12000000000000,8,13.6880943775177
0,0x46c,0x5a12000000000000,8,13.688098192214966
2,0x3fc,0x00000000000004c8,8,13.710184812545776
0,0x3fc,0x00000000000004c8,8,13.710188627243042
2,0x3fc,0x00000000000004c8,8,13.759135007858276
0,0x3fc,0x00000000000004c8,8,13.759140014648438
2,0x63b,0x16002e0a00000bb3,8,13.75972318649292
0,0x63b,0x16002e0a00000bb3,8,13.759826898574829
2,0x45a,0x6c02000000000000,8,13.778708457946777
0,0x45a,0x6c02000000000000,8,13.77880859375
2,0x3fc,0x00000000000004c8,8,13.80913496017456
0,0x3fc,0x00000000000004c8,8,13.80914044380188
2,0x3fc,0x00000000000004d0,8,13.859155416488647
0,0x3fc,0x00000000000004d0,8,13.859174251556396
2,0x46c,0x5a12000000000000,8,13.878076314926147
0,0x46c,0x5a12000000000000,8,13.878082275390625
2,0x610,0x2000006480fffd40,8,13.89721965789795
0,0x610,0x2000006480fffd40,8,13.897228717803955
2,0x3fc,0x00000000000004e0,8,13.910187244415283
0,0x3fc,0x00000000000004e0,8,13.910196304321289
2,0x3fc,0x00000000000004c8,8,13.959259033203125
0,0x3fc,0x00000000000004c8,8,13.95926809310913
2,0x45a,0x6c02000000000000,8,13.968671083450317
0,0x45a,0x6c02000000000000,8,13.968677282333374
2,0x620,0x1000000080260080,8,13.970153331756592
0,0x620,0x1000000080260080,8,13.970157384872437
2,0x3fc,0x00000000000004d8,8,14.01016116142273
0,0x3fc,0x00000000000004d8,8,14.010172367095947
2,0x3fc,0x00000000000004e0,8,14.059179306030273
0,0x3fc,0x00000000000004e0,8,14.05921983718872
2,0x46c,0x5a12000000000000,8,14.068029403686523
0,0x46c,0x5a12000000000000,8,14.068042039871216
2,0x3fc,0x00000000000004e0,8,14.11020827293396
0,0x3fc,0x00000000000004e0,8,14.11024808883667
2,0x45a,0x6c02000000000000,8,14.158566951751709
0,0x45a,0x6c02000000000000,8,14.15857744216919
2,0x3fc,0x00000000000004c8,8,14.159098386764526
0,0x3fc,0x00000000000004c8,8,14.159102201461792
2,0x3fc,0x00000000000004d8,8,14.210193157196045
0,0x3fc,0x00000000000004d8,8,14.210220098495483
2,0x46c,0x5a12000000000000,8,14.257972240447998
0,0x46c,0x5a12000000000000,8,14.257981300354004
2,0x3fc,0x00000000000004c8,8,14.25916862487793
0,0x3fc,0x00000000000004c8,8,14.259173154830933
2,0x63b,0x16002e0a00000bb8,8,14.269410610198975
0,0x63b,0x16002e0a00000bb8,8,14.269416570663452
2,0x620,0x1000000080260080,8,14.270061254501343
0,0x620,0x1000000080260080,8,14.270256519317627
2,0x3fc,0x00000000000004c8,8,14.31019639968872
0,0x3fc,0x00000000000004c8,8,14.310216188430786
2,0x45a,0x6c02000000000000,8,14.348409652709961
0,0x45a,0x6c02000000000000,8,14.348414659500122
2,0x3fc,0x00000000008004d8,8,14.359102964401245
0,0x3fc,0x00000000008004d8,8,14.359106540679932
2,0x622,0x1200000000000000,8,14.385088205337524
0,0x622,0x1200000000000000,8,14.38509202003479
2,0x623,0x1900800000f00000,8,14.395025968551636
0,0x623,0x1900800000f00000,8,14.39513373374939
2,0x610,0x2000006480fffd40,8,14.395474672317505
0,0x610,0x2000006480fffd40,8,14.395478010177612
2,0x624,0x1a00570049400000,8,14.40512490272522
0,0x624,0x1a00570049400000,8,14.405128717422485
2,0x3fc,0x00000000000004d0,8,14.409197330474854
0,0x3fc,0x00000000000004d0,8,14.409200429916382
2,0x611,0x2100001000005144,8,14.434256553649902
0,0x611,0x2100001000005144,8,14.434262037277222
2,0x614,0x2900fe00000013c8,8,14.446216106414795
0,0x614,0x2900fe00000013c8,8,14.446220397949219
2,0x46c,0x5a12000000000000,8,14.447933912277222
0,0x46c,0x5a12000000000000,8,14.447939157485962
2,0x615,0x2a00708800004946,8,14.458254337310791
0,0x615,0x2a00708800004946,8,14.45825743675232
2,0x3fc,0x00000000000004d8,8,14.45905613899231
0,0x3fc,0x00000000000004d8,8,14.45906138420105
2,0x3fc,0x00000000000004d0,8,14.510032653808594
0,0x3fc,0x00000000000004d0,8,14.510154724121094
2,0x45a,0x6c02000000000000,8,14.538389682769775
0,0x45a,0x6c02000000000000,8,14.538402557373047
2,0x3fc,0x00000000000004c0,8,14.559084177017212
0,0x3fc,0x00000000000004c0,8,14.559093236923218
2,0x620,0x1000000080260080,8,14.570064306259155
0,0x620,0x1000000080260080,8,14.57007122039795
2,0x3fc,0x00000000000004d0,8,14.609059572219849
0,0x3fc,0x00000000000004d0,8,14.609185218811035
2,0x46c,0x5a12000000000000,8,14.63787579536438
0,0x46c,0x5a12000000000000,8,14.638000965118408
2,0x3fc,0x00000000000004d8,8,14.659010171890259
0,0x3fc,0x00000000000004d8,8,14.659125328063965
2,0x3fc,0x00000000000004d0,8,14.709058046340942
0,0x3fc,0x00000000000004d0,8,14.709076166152954
2,0x45a,0x6c02000000000000,8,14.728147745132446
0,0x45a,0x6c02000000000000,8,14.728280782699585
2,0x3fc,0x00000000000004c8,8,14.75908350944519
0,0x3fc,0x00000000000004c8,8,14.759104490280151
2,0x63b,0x16002e0a00000bbc,8,14.779112100601196
0,0x63b,0x16002e0a00000bbc,8,14.779124736785889
2,0x3fc,0x00000000000004d8,8,14.810160875320435
0,0x3fc,0x00000000000004d8,8,14.810189962387085
2,0x46c,0x5a12000000000000,8,14.827916622161865
0,0x46c,0x5a12000000000000,8,14.827925205230713
2,0x3fc,0x00000000000004d8,8,14.859112739562988
0,0x3fc,0x00000000000004d8,8,14.85912036895752
2,0x620,0x1000000080260080,8,14.870049953460693
0,0x620,0x1000000080260080,8,14.870075941085815
2,0x610,0x2000006480fffd40,8,14.896232604980469
0,0x610,0x2000006480fffd40,8,14.896243572235107
2,0x3fc,0x00000000000004c0,8,14.910092830657959
0,0x3fc,0x00000000000004c0,8,14.910109519958496
2,0x45a,0x6c02000000000000,8,14.928157567977905
0,0x45a,0x6c02000000000000,8,14.928174257278442
2,0x3fc,0x00000000000004c0,8,14.959021806716919
0,0x3fc,0x00000000000004c0,8,14.959043264389038
2,0x3fc,0x00000000000004d8,8,15.009090423583984
0,0x3fc,0x00000000000004d8,8,15.009124279022217
2,0x46c,0x5a12000000000000,8,15.027937412261963
0,0x46c,0x5a12000000000000,8,15.027976512908936
2,0x3fc,0x00000000000004e0,8,15.059077262878418
0,0x3fc,0x00000000000004e0,8,15.05911636352539
2,0x3fc,0x00000000000004d8,8,15.11002230644226
0,0x3fc,0x00000000000004d8,8,15.110060453414917
2,0x45a,0x6c02000000000000,8,15.127934694290161
0,0x45a,0x6c02000000000000,8,15.127942562103271
2,0x3fc,0x00000000000004c0,8,15.159018278121948
0,0x3fc,0x00000000000004c0,8,15.15902328491211
2,0x620,0x1000000080260080,8,15.170032262802124
0,0x620,0x1000000080260080,8,15.170036792755127
2,0x3fc,0x00000000000004c8,8,15.209999322891235
0,0x3fc,0x00000000000004c8,8,15.21000862121582
2,0x46c,0x5a12000000000000,8,15.22778844833374
0,0x46c,0x5a12000000000000,8,15.227793455123901
2,0x3fc,0x00000000000004d0,8,15.258973360061646
0,0x3fc,0x00000000000004d0,8,15.258978605270386
2,0x63b,0x16002e0a00000bc1,8,15.288748025894165
0,0x63b,0x16002e0a00000bc1,8,15.28885006904602
2,0x3fc,0x00000080000004e8,8,15.309968948364258
0,0x3fc,0x00000080000004e8,8,15.309973239898682
2,0x45a,0x6c02000000000000,8,15.327844619750977
0,0x45a,0x6c02000000000000,8,15.327863931655884
2,0x3fc,0x00000000000004d8,8,15.359008550643921
0,0x3fc,0x00000000000004d8,8,15.359019756317139
2,0x622,0x1200000000000000,8,15.384941816329956
0,0x622,0x1200000000000000,8,15.385084390640259
2,0x623,0x1900800000f00000,8,15.394991159439087
0,0x623,0x1900800000f00000,8,15.395005941390991
2,0x610,0x2000006480fffd40,8,15.397186756134033
0,0x610,0x2000006480fffd40,8,15.397196531295776
2,0x624,0x1a00570049400000,8,15.404998302459717
0,0x624,0x1a00570049400000,8,15.405005931854248
2,0x3fc,0x00000000000004c8,8,15.409972906112671
0,0x3fc,0x00000000000004c8,8,15.409979104995728
2,0x46c,0x5a12000000000000,8,15.427759170532227
0,0x46c,0x5a12000000000000,8,15.4277982711792
2,0x611,0x2100001000005144,8,15.436226844787598
0,0x611,0x2100001000005144,8,15.436237812042236
2,0x614,0x2900fe00000013c8,8,15.448183059692383
0,0x614,0x2900fe00000013c8,8,15.448383569717407
2,0x3fc,0x00000000000004d8,8,15.459015130996704
0,0x3fc,0x00000000000004d8,8,15.459022283554077
2,0x620,0x1000000080260080,8,15.469954013824463
0,0x620,0x1000000080260080,8,15.470139026641846
2,0x3fc,0x00000080000004d0,8,15.509974718093872
0,0x3fc,0x00000080000004d0,8,15.51001238822937
2,0x45a,0x6c02000000000000,8,15.527666091918945
0,0x45a,0x6c02000000000000,8,15.527926206588745
2,0x3fc,0x00000000000004d0,8,15.55893349647522
0,0x3fc,0x00000000000004d0,8,15.55894136428833
2,0x46c,0x5a12000000000000,8,15.62776494026184
0,0x46c,0x5a12000000000000,8,15.627803325653076
2,0x45a,0x6c12000000000000,8,15.727556228637695
0,0x45a,0x6c12000000000000,8,15.727668762207031
2,0x63b,0x16002e0a00000bc6,8,15.798413515090942
0,0x63b,0x16002e0a00000bc6,8,15.79841947555542
2,0x46c,0x5a32000000000000,8,15.827625513076782
0,0x46c,0x5a32000000000000,8,15.827749252319336
